cut,board
25,※色味はこちらで_SP_現実世界_内閣府超常現象対策局_阿久津の部屋.psd
26,※色味はこちらで_SP_現実世界_内閣府超常現象対策局_阿久津の部屋.psd
27,※色味はこちらで_SP_現実世界_内閣府超常現象対策局_阿久津の部屋.psd
28,※色味はこちらで_SP_現実世界_内閣府超常現象対策局_阿久津の部屋.psd
29,※色味はこちらで_SP_現実世界_内閣府超常現象対策局_阿久津の部屋.psd
30,※色味はこちらで_SP_現実世界_内閣府超常現象対策局_阿久津の部屋.psd
31,※色味はこちらで_SP_現実世界_内閣府超常現象対策局_阿久津の部屋.psd
32,※色味はこちらで_SP_現実世界_内閣府超常現象対策局_阿久津の部屋.psd
33,※色味はこちらで_SP_現実世界_内閣府超常現象対策局_阿久津の部屋.psd
34,※色味はこちらで_SP_現実世界_内閣府超常現象対策局_阿久津の部屋.psd
35,※色味はこちらで_SP_現実世界_内閣府超常現象対策局_阿久津の部屋.psd
36,※色味はこちらで_SP_現実世界_内閣府超常現象対策局_阿久津の部屋.psd
37,※色味はこちらで_SP_現実世界_内閣府超常現象対策局_阿久津の部屋.psd
38,※色味はこちらで_SP_現実世界_内閣府超常現象対策局_阿久津の部屋.psd
190,SP2_二人静の車内_(SP2_03_274).psd
191,SP2_二人静の車内_(SP2_03_274).psd
192,SP2_二人静の車内_(SP2_03_274).psd
193,SP2_二人静の車内_(SP2_03_274).psd
194,SP2_二人静の車内_(SP2_03_274).psd
195,SP_現実世界_お隣さんのアパート_室内.psd
196,SP_現実世界_お隣さんのアパート_室内.psd
197,SP_現実世界_お隣さんのアパート_室内.psd
198,SP_現実世界_お隣さんのアパート_室内.psd
199,SP_現実世界_お隣さんのアパート_室内.psd
200,SP_現実世界_お隣さんのアパート_室内.psd
201,SP_現実世界_お隣さんのアパート_室内.psd
202,SP_現実世界_お隣さんのアパート_室内.psd
203,SP_現実世界_お隣さんのアパート_室内.psd
204,SP_現実世界_お隣さんのアパート_室内.psd
205,SP_現実世界_お隣さんのアパート_室内.psd
206,SP_現実世界_お隣さんのアパート_室内.psd
207,SP_現実世界_お隣さんのアパート_室内.psd
208,SP_現実世界_お隣さんのアパート_室内.psd
209,SP_現実世界_お隣さんのアパート_室内.psd
210,SP_現実世界_お隣さんのアパート_室内.psd
211,SP_現実世界_お隣さんのアパート_室内.psd
212,SP_現実世界_お隣さんのアパート_室内.psd
213,SP_現実世界_お隣さんのアパート_室内.psd
214,SP_現実世界_佐々木のアパート外観_夜2(照明無).psd
215,SP_現実世界_佐々木のアパート外観_夜2(照明無).psd
216,SP_現実世界_佐々木のアパート外観_夜2(照明無).psd
217,SP_現実世界_佐々木のアパート外観_夜2(照明無).psd
218,SP_現実世界_佐々木のアパート外観_夜2(照明無).psd
219,SP_現実世界_佐々木のアパート外観_夜2(照明無).psd
220,SP_現実世界_佐々木のアパート外観_夜2(照明無).psd
221,SP_現実世界_佐々木のアパート外観_夜2(照明無).psd
222,SP_現実世界_佐々木のアパート外観_夜2(照明無).psd
223,SP_現実世界_佐々木のアパート外観_夜2(照明無).psd
224,SP_現実世界_佐々木のアパート外観_夜2(照明無).psd
225,SP_現実世界_佐々木のアパート外観_夜2(照明無).psd
226,SP_現実世界_佐々木のアパート外観_夜2(照明無).psd
227,SP_現実世界_佐々木のアパート外観_夜1(照明有).psd
228,SP_現実世界_佐々木のアパート外観_夜1(照明有).psd
229,SP_現実世界_佐々木のアパート外観_夜1(照明有).psd
230,SP_現実世界_佐々木のアパート外観_夜1(照明有).psd
231,SP_現実世界_佐々木のアパート外観_夜1(照明有).psd
232,SP_現実世界_佐々木のアパート外観_夜1(照明有).psd
233,SP_現実世界_佐々木のアパート外観_夜1(照明有).psd
234,SP_現実世界_佐々木のアパート外観_夜1(照明有).psd
235,SP_現実世界_佐々木のアパート外観_夜1(照明有).psd
236,SP_現実世界_佐々木のアパート外観_夜1(照明有).psd
237,SP_現実世界_佐々木のアパート外観_夜1(照明有).psd
238,SP_現実世界_佐々木のアパート外観_夜1(照明有).psd
239,SP_現実世界_佐々木のアパート外観_夜1(照明有).psd
240,SP_現実世界_佐々木のアパート外観_夜1(照明有).psd
241,SP_現実世界_佐々木のアパート外観_夜1(照明有).psd
242,SP_現実世界_佐々木のアパート外観_夜1(照明有).psd
243,SP_現実世界_佐々木のアパート外観_夜1(照明有).psd
244,SP_現実世界_佐々木のアパート外観_夜1(照明有).psd
245,SP_現実世界_佐々木のアパート外観_夜1(照明有).psd
246,SP_現実世界_佐々木のアパート外観_夜1(照明有).psd
247,SP_現実世界_佐々木のアパート外観_夜1(照明有).psd
248,SP_現実世界_佐々木のアパート外観_夜1(照明有).psd
249,SP_現実世界_佐々木のアパート外観_夜1(照明有).psd
250,SP_現実世界_佐々木のアパート外観_夜1(照明有).psd
251,SP_現実世界_佐々木のアパート外観_夜1(照明有).psd
252,SP_現実世界_佐々木のアパート外観_夜1(照明有).psd
253,SP_現実世界_佐々木のアパート外観_夜1(照明有).psd
254,SP_現実世界_佐々木のアパート外観_夜1(照明有).psd
255,SP_現実世界_佐々木のアパート外観_夜1(照明有).psd
256,SP_現実世界_佐々木のアパート外観_夜1(照明有).psd
257,SP_現実世界_佐々木のアパート外観_夜1(照明有).psd
258,SP2_現実世界_隔離空間_夜.psd
259,SP2_現実世界_隔離空間_夜.psd
260,SP2_現実世界_隔離空間_夜.psd
261,SP2_現実世界_隔離空間_夜.psd
262,SP2_現実世界_隔離空間_夜.psd
263,SP2_現実世界_隔離空間_夜.psd
264,SP2_現実世界_隔離空間_夜.psd
265,SP2_現実世界_隔離空間_夜.psd
266,SP2_現実世界_隔離空間_夜.psd
267,SP2_現実世界_隔離空間_夜.psd
268,SP2_現実世界_隔離空間_夜.psd
269,SP2_現実世界_隔離空間_夜.psd
270,SP2_現実世界_隔離空間_夜.psd
271,SP2_現実世界_隔離空間_夜.psd
272,SP2_現実世界_隔離空間_夜.psd
273,SP2_現実世界_隔離空間_夜.psd
274,SP2_現実世界_隔離空間_夜.psd
275,SP2_現実世界_隔離空間_夜.psd
276,SP2_現実世界_隔離空間_夜.psd
278,SP2_現実世界_隔離空間_夜.psd
279,SP2_現実世界_隔離空間_夜.psd
280,SP2_現実世界_隔離空間_夜.psd
281,SP2_現実世界_隔離空間_夜.psd
282,SP2_現実世界_隔離空間_夜.psd
283,SP2_現実世界_隔離空間_夜.psd
284,SP2_現実世界_隔離空間_夜.psd
285,SP2_現実世界_隔離空間_夜.psd
286,SP2_現実世界_隔離空間_夜.psd
287,SP2_現実世界_隔離空間_夜.psd
288,SP2_現実世界_隔離空間_夜.psd
289,SP2_現実世界_隔離空間_夜.psd
290,SP2_現実世界_隔離空間_夜.psd
291,SP2_現実世界_隔離空間_夜.psd
292,SP2_現実世界_隔離空間_夜.psd
293,SP2_現実世界_隔離空間_夜.psd
294,SP2_現実世界_隔離空間_夜.psd
295,SP2_現実世界_隔離空間_夜.psd
296,SP2_現実世界_隔離空間_夜.psd
297,SP2_現実世界_隔離空間_夜.psd
298,SP2_現実世界_隔離空間_夜.psd
299,SP2_現実世界_隔離空間_夜.psd
300,SP2_現実世界_隔離空間_夜.psd
301,SP2_現実世界_隔離空間_夜.psd
302,SP2_現実世界_隔離空間_夜.psd
303,SP2_現実世界_隔離空間_夜.psd
304,SP2_現実世界_隔離空間_夜.psd
305,SP2_現実世界_隔離空間_夜.psd
306,SP2_現実世界_隔離空間_夜.psd
307,SP2_現実世界_隔離空間_夜.psd
308,SP2_現実世界_隔離空間_夜.psd
309,SP2_現実世界_隔離空間_夜.psd
310,SP2_現実世界_隔離空間_夜.psd
311,SP2_現実世界_隔離空間_夜.psd
312,SP2_現実世界_隔離空間_夜.psd
313,SP2_現実世界_隔離空間_夜.psd
